question,id
What should I do to sign up for an account?,0
Where can I find the 'Sign Up' button?,0
Is there a special process to follow when creating an account?,0
Can I create an account on your website?,0
What steps are involved in the registration process?,0
What are the accepted payment methods for online orders?,1
Can I use a debit card to pay for my order?,1
Is PayPal an option for payment?,1
Do you accept credit cards for payments?,1
What forms of payment can I use online?,1
How do I monitor my shipment status?,2
What steps do I take to check my order status?,2
Where can I find tracking details for my order?,2
How can I view the history of my orders?,2
Is there a way to follow my order delivery online?,2
What is the timeframe for returning a product?,3
Can I get a full refund if I return my item?,3
Are there any conditions for returning products?,3
Where can I find instructions for returning a product?,3
What items are eligible for return?,3
How can I cancel my order?,4
What should I do to cancel my order?,4
Is it possible to cancel an order that has already been shipped?,4
Who do I contact for order cancellation?,4
What information do I need to provide to cancel my order?,4
What is the estimated delivery time for standard shipping?,5
How fast is express shipping?,5
Are shipping times the same for all destinations?,5
What factors affect shipping times?,5
How can I track my shipping status?,5
Is international shipping available?,6
Can I ship to countries outside of my own?,6
Do you ship worldwide?,6
How do I know if you ship to my country?,6
Are there additional costs for international shipping?,6
What steps should I take if my package doesn't arrive?,7
Who do I contact if my package is damaged?,7
What should I do if my shipment is missing?,7
How can I report a lost package?,7
What happens if my delivery is damaged during shipping?,7
Can I update my shipping address after my order is placed?,8
What should I do if I want to change my shipping address?,8
Is it possible to modify my shipping address after ordering?,8
How can I change the shipping address for my order?,8
What happens if I need to change my shipping address after placing an order?,8
How can I reach customer support?,9
What is the phone number for customer support?,9
What email should I use to contact customer support?,9
What are the working hours for customer support?,9
Is there a way to contact customer support other than email or phone?,9
Do you provide gift wrapping services?,10
Is gift wrapping available for my purchase?,10
Can I add gift wrapping to my order?,10
Is there an extra charge for gift wrapping?,10
How do I select gift wrapping at checkout?,10
What do I need to provide for a price match?,11
Can I get a refund if I find a lower price later?,11
Are there any exclusions to your price matching policy?,11
How do I contact customer support for a price match?,11
Is the price matching policy applicable to all products?,11
Can I place an order by calling customer service?,12
Is it possible to order products via phone?,12
Can I make a phone order instead of online?,12
Do you accept phone orders for purchases?,12
What is the recommended way to place an order?,12
Is my payment information safe?,13
What measures are in place to protect my personal details?,13
How do you ensure the security of my information?,13
Are my credit card details protected?,13
What security protocols do you follow for payment transactions?,13
What happens if I buy a product and it goes on sale shortly after?,14
How can I request a price adjustment for my purchase?,14
Is there a time limit for getting a price adjustment?,14
What should I do if I see a lower price after my purchase?,14
Can I get a price adjustment if the sale happens more than a week after my purchase?,14
Do you offer a loyalty program?,15
How can I earn points with your loyalty program?,15
What can I redeem my points for?,15
Where can I find more information about the loyalty program?,15
How do I join the loyalty program?,15
Can I place an order without registering?,16
Is it possible to buy something without having an account?,16
What happens if I don't create an account when ordering?,16
Are there any benefits to creating an account for orders?,16
Can I track my order if I check out as a guest?,16
Do you provide discounts for large orders?,17
Is there a way to get a reduced price if I buy in bulk?,17
Where can I find information about wholesale pricing?,17
Who should I contact to inquire about bulk discounts?,17
Are all products eligible for wholesale discounts?,17
How can I change an item in my order?,18
Is it possible to cancel an item from my order?,18
Who do I contact to change my order?,18
What should I do if I want to modify my order?,18
Can customer support help me with canceling an order?,18
How do I submit a review for a product?,19
Where can I find the option to write a product review?,19
What steps should I follow to review a product?,19
Is there a specific button to click to leave a review?,19
Can I give my feedback on a product I've purchased?,19
Can I apply more than one promo code to my order?,20
What should I do if I have multiple promo codes?,20
How do I enter a promo code during checkout?,20
Is it possible to use several promo codes for a single purchase?,20
What is the limit on the number of promo codes I can use?,20
What should I do if I get the wrong item in my order?,21
Who do I contact if I receive the wrong item?,21
Will you send me the correct item if I receive the wrong one?,21
How can I return the wrong item I received?,21
What steps should I follow if my order is incorrect?,21
Do you provide rush shipping options?,22
Can I get my order delivered faster?,22
Is there a way to speed up shipping?,22
What are the shipping methods available at checkout?,22
Are there additional fees for expedited shipping?,22
Can I sign up for notifications for out-of-stock products?,23
What happens if a product is out of stock?,23
Will I be notified when an out-of-stock product is available again?,23
How do I find out if a product is back in stock?,23
Is there a way to reserve an out-of-stock item?,23
What kind of updates can I expect in the email newsletter?,24
Are there exclusive offers included in the newsletter?,24
Where can I subscribe to the email newsletter?,24
Does the newsletter have tips on using your products?,24
What topics are covered in your email newsletter?,24
Can I return a product if I don't want it anymore?,25
What is the return policy for items I changed my mind about?,25
Do I need to keep the original packaging to return a product?,25
Is there a timeframe for returning products after purchase?,25
What condition does a product need to be in to be returned?,25
Is there a way to chat with customer support?,26
Can I get help through live chat?,26
What hours is live chat support available?,26
Where can I find the live chat feature?,26
Is live chat support available on your website?,26
Can I send a product to someone as a gift?,27
Is it possible to have a gift shipped to a different address?,27
Can I select a different shipping address for a gift order?,27
Are there options for sending items as gifts?,27
How do I order a product to be sent directly to a gift recipient?,27
What should I do if my discount code isn't functioning?,28
How can I get help for a non-working discount code?,28
What are the first steps to take when my discount code fails?,28
Who do I contact if my discount code doesn't work?,28
Are there specific terms I should check for my discount code?,28
Can I return an item that I purchased on final sale?,29
Are final sale items eligible for refunds?,29
What should I do if I want to return a final sale product?,29
Where can I check the return policy for final sale items?,29
How can I confirm the return eligibility of a specific product?,29
Do you provide installation services?,30
Which products come with installation services?,30
How can I request installation for a product?,30
Is installation included with all products?,30
Where can I find more information about installation services?,30
Can I buy a discontinued product?,31
Are discontinued items available for order?,31
What should I do if I want a product that is no longer sold?,31
Can I find alternatives to a discontinued product?,31
Why are discontinued products not available for purchase?,31
Can I return an item if I lost my receipt?,32
What do I do if I don't have proof of purchase?,32
Is it possible to return a product without any documentation?,32
What should I check in the return policy regarding receipts?,32
Who can I contact for help with a return without a receipt?,32
Can I have my order shipped internationally?,33
Are there restrictions on where I can ship my order?,33
How can I find out if my country is eligible for shipping?,33
What should I do if my country is not on the shipping list?,33
Is there a customer support line for international shipping inquiries?,33
How can I include a gift message with my purchase?,34
Is it possible to personalize my order with a message?,34
Where do I enter my gift message when checking out?,34
Can I write a message for the recipient of my order?,34
Do I have the option to add a note to my gift during checkout?,34
Can I see a product demonstration before buying?,35
Are product demonstrations available for purchase decisions?,35
Is it possible to request a demo of the product?,35
What resources are available to help me decide before purchasing?,35
Where can I find information about the product without a demo?,35
Can I purchase a product that is marked as 'coming soon'?,36
What does it mean when a product is labeled as 'coming soon'?,36
How can I be notified when a 'coming soon' product is available?,36
Is it possible to order a product that isn't currently in stock?,36
What should I do if I want to know when a 'coming soon' item is released?,36
Can I get an invoice for my order?,37
Is an invoice included with my order?,37
What should I do if I need a separate invoice?,37
How can I request an invoice for my order?,37
Who do I contact for invoice inquiries?,37
Can I purchase a limited edition product?,38
Will limited edition items sell out quickly?,38
What should I do to ensure I get a limited edition item?,38
Are there any restrictions on ordering limited edition products?,38
How can I confirm my order for a limited edition item?,38
Can I return a product without the original packaging?,39
What should I do if I lost the original packaging of a product?,39
Is it possible to initiate a return if I don't have the packaging?,39
Will my return be accepted if the product is not in its original packaging?,39
Who can I contact for help with a return without packaging?,39
Can I reserve a product that is not currently available?,40
Is it possible to hold an out-of-stock item for me?,40
What should I do if I want a product that is out of stock?,40
Can I be notified when a sold-out product is back in stock?,40
Do you allow reservations for items that are not in stock?,40
Can I combine pre-order items with in-stock items in my order?,41
What happens if I order a pre-order item with other products?,41
Will my order ship immediately if it includes pre-order items?,41
Is it possible to order both pre-order and in-stock items at the same time?,41
Do I have to wait for the pre-order item if I order it with in-stock items?,41
Can I return a damaged product?,42
What should I do if my item arrived damaged?,42
Is there a process for returning damaged items?,42
Who do I contact for a damaged product return?,42
How does the replacement process work for damaged goods?,42
Can I request a product that is currently out of stock to be restocked?,43
How can I find out when an out-of-stock product is available again?,43
Is there a way to receive notifications for restocked products?,43
What should I do if a product I want is sold out?,43
Do you restock popular products that are out of stock?,43
Can I still place an order for a backordered product?,44
What happens if I order a backordered item?,44
Is it possible to buy something that is backordered?,44
Will I receive my backordered product immediately?,44
How does ordering a backordered product work?,44
Can I return a sale item?,45
What happens to my refund if I bought something on discount?,45
Are discounted products eligible for returns?,45
Is there a different return policy for items purchased on sale?,45
Will I get a full refund for a sale item?,45
What should I do if I receive a damaged product?,46
Is it possible to get a replacement for a damaged item?,46
How can I contact customer support for product issues?,46
What steps are involved in requesting a repair for a damaged product?,46
Can I get assistance for product repairs or replacements?,46
Can I place an order for a pre-order item that is currently out of stock?,47
What happens if I pre-order an item that is listed as out of stock?,47
Will I receive my pre-order item immediately?,47
How can I secure an item that is available for pre-order?,47
When will my pre-order be shipped?,47
Can I return a gift that I received?,48
What happens if I want to return a gift I bought for someone?,48
Is it possible to return a product that was a gift?,48
Will I get my money back if I return a gift?,48
Who gets the refund if I return a gift?,48
Can I still buy a discontinued product?,49
What does it mean when a product is discontinued?,49
Are discontinued products available for special order?,49
Can I find alternatives to discontinued items?,49
What should I do if I want a product that's been discontinued?,49
Can I buy a product that is sold out?,50
What does it mean if a product is sold out?,50
Is there any way to order a sold-out product?,50
How can I find out when a sold-out product is back in stock?,50
Will I be notified when a sold-out item becomes available again?,50
Can I return items bought with a gift card?,51
What happens if I return a gift card purchase?,51
Is a refund possible for a product bought with a gift card?,51
Will I get cash back if I return something purchased with a gift card?,51
How will I receive my refund for a gift card purchase?,51
What should I do if a product is out of stock in my size?,52
Is it possible to receive notifications for when my size becomes available?,52
Can I order a product that is currently unavailable in my size?,52
How can I find out if my size will be restocked?,52
What does it mean if a product is temporarily out of stock?,52
Can I pre-order a product that is not yet available?,53
What does it mean if a product is listed as 'coming soon'?,53
Will I be charged immediately for a pre-order item?,53
Can I cancel my pre-order for a 'coming soon' product?,53
How do I know when my pre-ordered item will ship?,53
Can I return a discounted product?,54
What happens if I use a discount code and want to return the item?,54
Is it possible to get a refund on a product bought with a coupon?,54
How is the refund calculated for discounted purchases?,54
Are there any restrictions on returning items bought with a discount?,54
Can I request a custom product?,55
Is it possible to get a personalized order?,55
Do you offer any customizations for products?,55
Can I create a unique order for my needs?,55
Are personalized products available on your website?,55
Can I purchase a product that is temporarily out of stock?,56
What does it mean if a product is listed as 'temporarily unavailable'?,56
Will products that are temporarily unavailable be available again?,56
How can I find out when a temporarily unavailable product is back in stock?,56
Is there a way to get notifications for restocked products?,56
Can I return a product that was damaged upon arrival?,57
What should I do if I accidentally damaged my product?,57
Are products damaged due to improper use returnable?,57
Who can I contact for assistance with a return?,57
Does your return policy cover all types of damage?,57
Can I pre-order a product that is marked as 'coming soon'?,58
What should I do if the product I want is not available for pre-order?,58
Is there a way to request a 'coming soon' product before its release?,58
When will a 'coming soon' product be available for purchase?,58
What does it mean when a product is labeled as 'coming soon'?,58
Can I purchase items that are on hold?,59
What does it mean if a product is 'on hold'?,59
How can I find out when a product that is on hold becomes available?,59
Is there a way to be notified when an on-hold product is restocked?,59
Why can't I order a product that is on hold?,59
Can I return an item without my receipt?,60
What should I do if I lost my original receipt?,60
Is it possible to return a product if I don't have proof of purchase?,60
Who should I contact for help with a return without a receipt?,60
Will I be able to return a product if I misplaced my receipt?,60
Can I request a limited edition product to be restocked?,61
Are limited edition items available for a long time?,61
What happens when a limited edition product sells out?,61
How can I ensure I get a limited edition product?,61
Why are limited edition products only available for a limited time?,61
Can I still order a discontinued product?,62
What should I do if a product is discontinued but visible online?,62
Is it possible to purchase items listed as discontinued?,62
How can I get clarification on a discontinued product?,62
What does it mean if a discontinued item is still on the website?,62
Can clearance items be returned?,63
"What about final sale items, can I return them?",63
Are products on clearance refundable?,63
How can I get more information about returns on sale items?,63
What should I do if I want to return a clearance item?,63
Can I order a product that I don't see on your website?,64
What should I do if the product I want isn't listed online?,64
Is it possible to get a product that isn't available on your site?,64
How can I find out about products not listed on your website?,64
Who should I contact if I need a product that is not shown on your website?,64
Can I place an order for an out-of-stock item?,65
What does it mean if a product is available for backorder?,65
Will I be charged immediately for an out-of-stock item on backorder?,65
How will I know when my backordered item is shipped?,65
Can I cancel my backorder if I change my mind?,65
Can I return a product purchased in a bundle?,66
What is the return policy for items in a set?,66
Are there specific terms for returning bundled products?,66
How can I find out about the return policy for a set purchase?,66
Who do I contact for guidance on returning a bundle?,66
Can I request a product that is out of stock to be restocked?,67
How can I be notified when an out of stock product is available again?,67
Will you restock popular products that are currently out of stock?,67
Is there a way to sign up for alerts on restocked items?,67
What should I do if I want to know when an out of stock product is back in stock?,67
Can I place an order for a product that is not yet released?,68
What does it mean if a product is labeled as 'coming soon'?,68
Is pre-ordering available for items that are 'coming soon'?,68
How can I secure an item that is listed as 'coming soon'?,68
Will I be able to order a product before it is officially available?,68
What should I do if my product arrived damaged?,69
Is there a process for returning a damaged product?,69
Who do I contact if my item is damaged during shipping?,69
Can I get a replacement for a product damaged in transit?,69
What are the steps to return a mishandled product?,69
Can I reserve a product that is out of stock?,70
What should I do if a product is not available?,70
Is it possible to get notified when an out-of-stock item is back?,70
Can I hold a product that is currently unavailable?,70
Will I be alerted when a previously out-of-stock product is restocked?,70
Can I place an order for a pre-order product that is available for backorder?,71
What happens if I order a product that is marked as pre-order?,71
When will my backordered pre-order item be shipped?,71
Is it possible to secure an item listed as pre-order?,71
Do I have to wait for a pre-order item to be available before I can order it?,71
Can I return an item bought with store credit?,72
What happens if I return a product purchased with store credit?,72
Will I get cash back if I return something bought with store credit?,72
Is it possible to return store credit purchases?,72
How will I receive my refund if I return an item bought with store credit?,72
Can I ask to have an out-of-stock product restocked?,73
What should I do if a product I want is out of stock?,73
Is there a way to be notified when a product is back in stock?,73
Do you restock popular products?,73
How can I find out when an out-of-stock item is available again?,73
Can I place an order for a sold-out product that is available for pre-order?,74
What happens if I order a product that is sold out?,74
Will I receive my item immediately if I pre-order a sold-out product?,74
Is it possible to secure a sold-out item by pre-ordering it?,74
When will my pre-ordered item be shipped?,74
Can I return a product bought using a promotional gift card?,75
What happens to my refund if I used a promotional gift card?,75
Is it possible to get cash back for a return made with a promotional gift card?,75
Will I receive store credit if I return a product purchased with a promotional gift card?,75
How will my refund be processed if I used a promotional gift card for my purchase?,75
What should I do if a product is not available in the color I want?,76
Can I sign up for notifications if my preferred color is out of stock?,76
Is it possible to request a product in a color that is currently unavailable?,76
How do I know when my preferred color of a product becomes available?,76
Will you restock products in colors that are currently out of stock?,76
Can I purchase a product that is marked as 'coming soon'?,77
What happens if a product is not available for pre-order?,77
Is it possible to buy a product before its official release?,77
How do I know when a 'coming soon' product will be available?,77
What should I do if I want a product that is not available yet?,77
Can I return an item bought on sale?,78
What is the refund policy for promotional purchases?,78
Are promotional items eligible for return?,78
How is the refund calculated for items bought during promotions?,78
Is there a difference in return policy for regular and promotional purchases?,78
